text,label,notes
"Industry is one of the few shows that takes seriously how young people actually speak in professional environments — the blend of technical jargon, ironic detachment, and genuine ambition. Most workplace dramas give characters articulate emotional access to themselves that real people don't have.",critique,
"Atlanta's 'Teddy Perkins' episode works because it deploys the visual grammar of horror — the isolated house, the slow reveal, the unreliable helper — in service of an argument about Black artistic self-destruction. The horror isn't incidental; it's the thesis.",critique,
Slow Horses 'Visiting Hours' episode — the last five minutes — I've watched it three times and I get genuinely tense every time even though I know what happens.,reaction,
Dark is the best show Netflix has ever produced and the fact that it's in German is the only reason it didn't become the cultural phenomenon it deserved to be.,hot_take,
The Rehearsal and The Curse together represent Nathan Fielder developing a genuine formal vocabulary around performed sincerity and constructed situations. Both shows are asking the same question: what is the relationship between a rehearsed version of a feeling and the feeling itself?,critique,
Barry season 3 takes a genuine formal risk by making its darkest material the funniest and its comedic characters the most tragic. The pivot of the Cousineau storyline in episodes 5-6 is one of the most tonal shifts I've seen in a comedy — it recontextualizes everything that came before.,critique,
"Ghosts (US) is a better-structured show than it gets credit for. The ensemble is large enough that the writers can pair any two characters and generate a premise, which means the show never has to rely on its central relationship carrying all the dramatic weight.",critique,
"Mindhunter's most underappreciated formal quality is its use of institutional space. The FBI offices, interview rooms, and bureaucratic hallways are always slightly too large for the number of people in them. The show uses architectural emptiness to argue that the institution doesn't fit its investigators.",critique,
Pachinko's non-linear structure across generations and languages is its most important formal argument: the show treats history as something the body carries rather than something the mind remembers. The present-day Sunja scenes only make sense as the physical echo of the past-timeline scenes.,critique,
Patriot (Amazon) is the funniest show most people have never seen. It's a deadpan spy comedy with the aesthetic of a slow European drama and it's brilliant and it got cancelled and I'm still angry.,hot_take,
"Andor season 1's prison arc is its most formally ambitious sequence. Three episodes of bureaucratic violence, labor organization, and incremental rebellion — no action, no spectacle. It's making an argument about how revolutionary consciousness actually forms, and it trusts that argument over entertainment.",critique,
Yellowstone is not secretly good. It is exactly as it appears: a soap opera for people who dislike the coasts. That's fine. But the critical rehabilitation attempts are embarrassing.,hot_take,
Sherlock went from the best thing on television to completely unwatchable in two seasons. The pivot to making Sherlock a superhero rather than a detective is one of the worst creative decisions in modern TV.,hot_take,
The Bear season 1 finale and I'm sweating. I'm sitting in my apartment sweating. It's a show about a restaurant.,reaction,
"True Detective season 1 is extraordinary television but its thesis — that time is a flat circle, that evil recurs without resolution — is undercut by its own structural choice to include the post-2012 interviews. Rust's optimism at the end contradicts the nihilism the form was building toward.",critique,
Ghosts season 4 finale had me laughing and then crying within about 90 seconds and I was completely unprepared for either.,reaction,
"Better Call Saul is better than Breaking Bad in every measurable way. Better directed, better written, more emotionally complex. The only thing Breaking Bad has over it is cultural timing.",hot_take,
What makes Rectify one of the most underrated dramas of the 2010s is its refusal to make innocence or guilt the dramatic question. Daniel Holden is out of prison and the show is about what it means to re-inhabit a life and a body after years of absence. The legal question is intentionally unresolved.,critique,
"The Good Place's structural twist at the end of season 1 is famous, but the more impressive writing is what comes after. The show commits to its philosophical questions post-twist rather than retreating to plot mechanics. Most concept shows exhaust their premise in season 1; this one deepens it.",critique,
Watched the Breaking Bad finale for the third time last night. Still works. 'Baby Blue' still hits. Some things just hold.,reaction,
"The Leftovers season 2 restructures its entire premise by opening on a prehistoric woman with no connection to the main cast. It's a 10-minute cold open that reframes the show's grief as geological, not personal. That's a structural risk almost no prestige drama would take.",critique,
Ghosts (UK) is better than Ghosts (US) and I say this as someone who genuinely likes the US version. The British one is stranger and stranger is better.,hot_take,
Slow Horses season 4 finale just dropped and I need the next season immediately. Jackson Lamb at the end. Come on. How am I supposed to wait a year.,reaction,
Poker Face works because Natasha Lyonne makes Columbo-style inevitability feel warm rather than cold. The audience always knows the killer; the pleasure is watching Charlie's human-lie-detector ability interact with her genuine empathy for the people who did the killing. The genre serves the character.,critique,
"The Haunting of Hill House episode 6 ('Two Storms') is the single best episode of horror television ever made. The long takes, the family dynamics, the formal control — it's a masterclass.",hot_take,
The Diplomat season 2 cliffhanger made me scream at my TV. That's not allowed. They cannot do that and then make me wait.,reaction,
Better Call Saul finale wrecked me in a way Breaking Bad never did. I was not prepared for how much I'd feel in that courtroom.,reaction,
Watching The Rehearsal episode 1 and I've had to pause it four times because of secondhand discomfort. I'm only 20 minutes in. What is this show.,reaction,
Six Feet Under has the best series finale in television history and it's not debatable. If you disagree you haven't let the final four minutes actually land.,hot_take,
Bojack Horseman finale. I'm fine. It's just a cartoon. I've just been sitting here for an hour thinking about it. That's fine. I'm fine.,reaction,
What separates The Wire from other prestige TV is that it never identifies a protagonist the audience can use as a moral anchor. McNulty is as corrupt as the people he investigates; Stringer Bell is as sympathetic as the cops chasing him. The show forces you to hold contradictions rather than resolve them.,critique,
Stranger Things should have ended after season 1. Everything after is nostalgia extended past its natural life. The show is now a machine for producing scenes that feel like other scenes from better things.,hot_take,
The Curse is the most unsettling show of 2023 and the least fun and I mean both of those as compliments. It makes me feel a specific kind of dread I haven't felt watching television before.,hot_take,
The Last of Us is the most overpraised show of 2023. It's a competent video game adaptation that gets credit for being a competent video game adaptation. The bar is low and people are treating it like a revelation.,hot_take,
The Good Place is the most philosophically honest network sitcom ever made. It takes its ideas seriously in a way that most prestige drama doesn't bother to.,hot_take,
Andor just ended its first season and I'm sitting with it. That finale. That last image. I'm not ready to talk yet. Give me a day.,reaction,
The Bear is a great show if you like watching anxiety performed at you. I don't think restaurants are actually like this and I think the show is selling urbanites a fantasy of working-class intensity.,hot_take,
Watched the Atlanta 'Teddy Perkins' episode alone at night. Did not sleep well. That's what good horror does. That's all I'll say.,reaction,
I can't believe how good this episode was — the intercutting between the two timelines finally paid off in a way that made the whole season click.,reaction,"EDGE CASE (reaction vs critique): Notes a structural payoff (intercutting, timelines) but doesn't develop it into an argument — it's expressing satisfaction, not making a case. → reaction"
The Knick's handheld cinematography does something specific that most period dramas don't — it refuses to aestheticize the past. The shakiness makes the 1900s feel unstable and contingent rather than sepia-toned and fixed. Soderbergh is arguing against nostalgia through camera movement.,critique,
Twin Peaks: The Return is best understood as a 18-hour film rather than a TV season. Lynch uses episode structure the way a novelist uses chapters — not as discrete units of entertainment but as rhythm breaks in a single uninterrupted experience. Episode 8 only makes sense in that context.,critique,
"Succession's series finale is divisive because it refuses catharsis rather than failing to earn it. The Kendall scene at the water is deliberately unresolved — the show is arguing that people like this don't have epiphanies, they have moments that dissolve back into their patterns.",critique,
"Yellowjackets' problem is that it generated two mystery boxes in season 1 — what happened in the wilderness, and what's happening in the present — and has been unable to develop either one at the pace the other requires. The two timelines are working against each other structurally.",critique,
"The Rehearsal's season 1 finale is uncomfortable in a specific way: it makes the audience complicit. By showing Nathan's simulation affecting a real child, the show implicates everyone who found the early episodes charming. That's a harder trick than making the audience uncomfortable from a safe distance.",critique,
Westworld should have been a movie. Every season is a great 100-minute film inside 10 hours of television. The expansion destroyed it.,hot_take,
Silicon Valley is the funniest comedy of the 2010s and it's not discussed enough because tech satire ages badly and people have moved on. The first three seasons are as tight as anything on television.,hot_take,
True Detective season 1 is good but not the masterpiece people remember. Half the dialogue is McConaughey monologuing philosophy at people who inexplicably never tell him to stop. It's a great performance in an occasionally pretentious show.,hot_take,
Severance season 1 finale ended and I immediately restarted the episode. Three times. I still don't fully understand what I watched but I can't stop watching it.,reaction,
"Euphoria season 2 is not a bad show, it's a different show — and honestly a more honest one. Season 1 was prestige packaging on teen drama content. Season 2 dropped the pretense.",hot_take,
Breaking Bad is a deeply conservative show and nobody wants to admit it. The whole moral is 'don't step out of your lane.' Walter White is punished for having ambition. It's a suburban cautionary tale dressed up as tragedy.,hot_take,
Dark is the rare time-travel show that uses its own complexity as a formal argument rather than a puzzle. The show's tangled timelines aren't there to be decoded — they're there to make you feel the claustrophobia of a world with no exits. The confusion is the point.,critique,
Halt and Catch Fire's first season is weaker than its reputation because it's still organizing itself around Don Draper archetypes. The show becomes genuinely interesting in season 2 when it shifts focus to Cameron and Donna — two characters without prestige TV precedents to fall back on.,critique,
Poker Face is the most purely fun show of 2023 and Natasha Lyonne has more charisma in a single scene than most shows generate across an entire season.,hot_take,
Nathan Fielder is the most interesting person working in television right now and it's not particularly close.,hot_take,
"The reason the final season of Breaking Bad works where most finales don't is that it doesn't try to subvert expectations — it fulfills them with precision. Every plot thread gets a conclusion that's earned by the logic of the show's moral universe, not the audience's desire for surprise.",critique,
The Rehearsal is the most disturbing thing on television and it's filed under comedy. Nathan Fielder is doing something I don't have a category for and it makes me deeply uncomfortable in a way I keep coming back to.,hot_take,
Severance's most impressive structural feat is that it builds two complete tonal registers — the cold corporate horror of the severed floor and the shabby domestic realism above ground — and then systematically blurs them across the season until neither feels stable.,critique,
The Penguin is a better Batman story than any of the films. Removing Batman from the center of his own mythology turns out to be exactly what the mythology needed.,hot_take,
Just finished Succession finale. I don't know what I just watched but I'm staring at the ceiling. Kendall at the water. That's all I can say.,reaction,
Industry is the best show currently airing that nobody is watching. It's doing for finance what The Wire did for policing and it deserves ten times its audience.,hot_take,
"Andor's achievement is making Star Wars feel like it has economic stakes. By grounding the rebellion in labor conditions, supply chains, and bureaucratic inertia, Tony Gilroy makes the Empire feel like a system rather than a villain. That's a harder argument to make than a lightsaber duel.",critique,
The Sopranos ending just hit me for the first time since I originally watched it and I genuinely gasped out loud alone in my apartment. The cut to black. I finally get it.,reaction,
Better Call Saul is better than Breaking Bad because it trusts its audience more and the cinematography is more intentional.,hot_take,"EDGE CASE (critique vs hot_take): Specific-sounding language (cinematography, trust) but no actual evidence. Removed opinion framing — nothing remains. → hot_take"
"Fargo the TV show is better than Fargo the movie, which I will die on this hill about.",hot_take,
TWIN PEAKS THE RETURN EPISODE 8 WHAT WAS THAT WHAT WAS THAT WHAT WAS THAT,reaction,
Watched the Deadwood movie after finishing the series and I had to take a walk outside afterward. Getting that closure felt like something.,reaction,
"Better Things is one of the quietest formally radical shows on television. Pamela Adlon's refusal to construct traditional episode arcs — most episodes end mid-feeling rather than at resolution — is a sustained argument that domestic life doesn't resolve, it continues.",critique,
Just finished Dark season 3. I need to sit in a dark room for a while. That ending. I can't. I genuinely cannot.,reaction,
The Expanse is the most scientifically rigorous science fiction ever put on television and it got cancelled for the same reason all genuinely good sci-fi gets cancelled: it's not about the spectacle.,hot_take,
Hacks got worse every season because it kept making Deborah more sympathetic. The tension of season 1 — that she might genuinely be a bad person — is what made it interesting.,hot_take,
The Penguin finale. WOW. Did not expect to feel that much about Colin Farrell in a rubber suit but here we are.,reaction,
"Andor is the best thing Disney has produced since acquiring Star Wars and it's not close. It's also the least Star Wars thing they've produced, which is probably why.",hot_take,
Twin Peaks: The Return is not for television audiences. It's a fine art film that aired on Showtime. Calling it the best TV season of the 2010s is a category error. David Lynch is not making television.,hot_take,
Somebody Somewhere is the best show on HBO that HBO doesn't know how to promote. It's quiet and it's about ordinary people and it's extraordinarily moving and nobody is talking about it.,hot_take,
Slow Horses' greatest strength is that it trusts the audience to track institutional politics without a simplified hero/villain frame. Jackson Lamb is genuinely unpleasant and genuinely right at the same time. The show refuses the fantasy that competence and virtue travel together.,critique,
Deadwood's language is its most precise formal element. The anachronistic profanity isn't a mistake or a concession to modern audiences — it's David Milch arguing that the violence of frontier capitalism sounds exactly like the violence of contemporary capitalism. The vulgarity is the point.,critique,
The Expanse series finale is the most bittersweet ending I've experienced from a show I loved. I'm glad it exists. I'm devastated it's over.,reaction,
The House of the Dragon season finale just ended and I'm vibrating. I need season 3 immediately. I cannot wait two years for this.,reaction,
Watched the Fleabag season 2 finale and I have been crying for 40 minutes. I thought I was prepared. I was not prepared.,reaction,
"The Morning Show's problem is that it wants to be both a prestige drama about institutional power and an entertainment about glamorous people having crises, and those two registers keep undermining each other. The scenes that work (the newsroom politics) are sabotaged by the scenes that don't (everything personal).",critique,
Severance is a good show that is becoming a great show. Most shows go the other direction. The fact that season 2 is more formally ambitious than season 1 is genuinely unusual.,hot_take,
Pachinko should be discussed alongside the best literary adaptations in television history. The fact that it's on Apple TV+ means nobody saw it and that's a genuine cultural loss.,hot_take,
"Mr. Robot is most formally interesting in its second season, which the audience largely rejected. The unreliable narrator conceit is pushed further than most viewers wanted — but that refusal to give the audience stable ground is more consistent with the show's thesis than the cleaner seasons around it.",critique,
The Crown is too long and too sympathetic to people who don't deserve sympathy. A documentary would be more honest and more interesting.,hot_take,
Industry season 3 finale just ended and I want to talk to everyone who watched it RIGHT NOW. I cannot believe that final scene happened.,reaction,
The Penguin's best formal decision is keeping the city small. Gotham in this show is three or four neighborhoods with maybe a dozen significant players. That compression makes the political maneuvering feel real and makes every death carry weight.,critique,
Last night's The Bear was the most stressful 40 minutes of television I have experienced in my adult life. My hands were sweating. It's a COOKING SHOW.,reaction,
Just finished Beef. I watched the last three episodes in one sitting and now it's 3am and I'm texting my ex. This show is a war crime.,reaction,
I will argue until I die that Terriers (2010) is the best one-season show ever made and its cancellation is one of the great failures of the network TV era.,hot_take,
Mr. Robot is the most underrated tech thriller ever made. The first season is the best thriller on television in the last decade and it gets no conversation because the later seasons are uneven.,hot_take,
Watching Succession season 3 episode 7 live was one of the best TV experiences of my life. The entire timeline was losing its mind in real time and I was right there with them.,reaction,
Watched the Six Feet Under finale for the first time. I've been sitting in silence for 20 minutes. The last four minutes. Oh my god the last four minutes.,reaction,
"The Penguin succeeds where most superhero spinoffs fail because it scales down rather than up. By focusing on neighborhood-level power struggles rather than city-wide threats, it makes the violence feel like a consequence of specific decisions rather than plot mechanics.",critique,
Shogun finale and I'm not exaggerating when I say this is the best season of television I've watched in years. That's my official position.,reaction,
Only Murders in the Building season 3 finale got me. I thought I was watching a comfort show. They snuck real feeling into it and I wasn't ready.,reaction,
Squid Game is a good thriller with a thin class-critique thesis that Western audiences treated as revelatory because they don't watch Korean TV. The message is not subtle and the show does not need the reverence.,hot_take,
Just watched the Succession 'Connor's Wedding' episode. My hands are shaking. That episode is a perfect piece of television and I knew what was coming.,reaction,
"The Fall of the House of Usher is Mike Flanagan's most formally legible work, which is part of why it's not his best. The Poe allegories are too neat, the character mapping too clean. His earlier work (Hill House, Midnight Mass) is more interesting when the form isn't quite in control of itself.",critique,
Ted Lasso season 3 retroactively makes me like season 1 less. The show was always more interested in sentimentality than honesty; the final season just stopped pretending otherwise.,hot_take,
Hacks season 3 finale just ended and Jean Smart has been making me cry for three seasons now and I refuse to let that stop.,reaction,
Only Murders in the Building is comfort television dressed in prestige clothing and there's nothing wrong with that. We're allowed to just enjoy something.,hot_take,
The Bear 'Fishes' episode just completely rearranged my interior. I've been thinking about my family differently since I watched it two days ago.,reaction,
Game of Thrones was always going to end badly. The show's fundamental problem was never the writers — it was that the source material has no ending. Martin has been writing himself into corners for 30 years.,hot_take,
"The Haunting of Hill House is most interesting not as a horror show but as a formal experiment in grief. Each episode is organized around one sibling's psychological state, and the editing mimics how grief collapses time — the past and present are always bleeding into each other.",critique,
Succession 'All The Bells Say' finale. I have watched the last ten minutes four times. I don't know why. I keep watching it.,reaction,
Slow Horses is the best spy thriller currently on television. Gary Oldman is doing career-best work in a show that keeps getting better with each season.,hot_take,
The Last of Us TV adaptation is most interesting in the episodes that depart furthest from the game — 'Long Long Time' in particular demonstrates that the show is willing to use the apocalypse setting to tell stories the game's forward momentum couldn't accommodate.,critique,
The Curse finale. I'm going to need a week. Maybe two weeks. I don't know what I just watched but I know it's going to stay with me.,reaction,
Barry season 3 is the best season of any comedy in the last five years and it got no attention because it aired during a crowded period and Bill Hader keeps refusing to promote himself.,hot_take,
"Mad Men's use of anachronistic dramatic irony is more sophisticated than it gets credit for. When Don pitches the Carousel slide projector in season 1, the audience knows the 1960s nostalgia he's selling will curdle. The show's entire emotional architecture depends on the audience knowing history that the characters don't.",critique,
Succession's finale is correct. Every other ending would have been wrong. The people who were disappointed were hoping the show would betray its own thesis in the final hour.,hot_take,
"Patriot is one of the most formally inventive comedies of the last decade and nobody watched it. Its deadpan affect — long takes, minimal score, characters who never react to absurdity — creates a sustained register that makes even mundane scenes feel like they might tip into violence at any moment.",critique,
The Rehearsal episode 4 and I've completely lost track of what's real inside the show. Which is either a masterpiece or a disaster and I can't tell which.,reaction,
"Atlanta is the most important American show of the last decade. It's doing things formally and culturally that no other show has attempted, and it's doing them while also being extremely funny.",hot_take,
The Americans is the most underrated drama of the 2010s. It never got the cultural moment it deserved because its premise sounds like a middlebrow thriller and its execution is anything but.,hot_take,
The Americans series finale — I've been thinking about Philip's face for three days. He just keeps coming back to me.,reaction,
THAT BEAR SEASON 2 FINALE. I need to lie down. I am not okay. Carmen's face at the end absolutely destroyed me.,reaction,
Poker Face finale was so satisfying. I didn't realize how much I needed a show to just BE FUN until this one came along. Natasha Lyonne is everything.,reaction,
This show is finished after that episode. They have completely destroyed everything that made it good.,hot_take,"EDGE CASE (hot_take vs reaction): Triggered by recent episode but opinion is generalized into a standing verdict, not tied to the moment of watching. → hot_take"
Yellowjackets season 2 finale just ended and I am FURIOUS in the best way. I gasped. I yelled at my TV. My cat left the room.,reaction,
"White Lotus season 2 finale. I need to call my therapist. Not for me specifically, just to talk about what Tanya went through. The chandelier scene.",reaction,
The Wire is the best television show ever made and the gap between it and the second-best show is larger than the gap between second and twentieth.,hot_take,
"Beef is a perfect season of television. Ten episodes, a complete thought, no waste. It's what streaming television is theoretically capable of and almost never produces.",hot_take,
"Shogun (2024) earns its length because it uses the pacing to make cultural difference feel real rather than picturesque. The audience, like Blackthorne, doesn't understand what's happening for long stretches — and the show doesn't soften that confusion with explanatory dialogue.",critique,
"The Rings of Power's cinematography is technically accomplished but dramatically counterproductive. Everything is too beautiful — the lighting is too golden, the landscapes too composed. The show's visual perfection argues against the grime and mortality that Tolkien's world requires.",critique,
Shogun episode 9 destroyed me. I knew what was coming and it still completely undid me. I'm not ready to talk about it.,reaction,
Somebody Somewhere season 2 finale. The last scene. I've been a mess all day and I'm not sorry about it at all.,reaction,
The Americans 'START' series finale. Philip and Elizabeth on that hillside. Ten years of tension resolved in three minutes of silence. I've been thinking about it for a week.,reaction,
"Severance season 2 stumbles in its middle episodes because it adds plot complexity faster than it adds thematic complexity. More mysteries aren't the same as deeper questions, and the show confuses the two for about four episodes before recovering.",critique,
"The Rehearsal isn't a documentary about Nathan Fielder being weird. It's a formal experiment in whether rehearsal can ever substitute for genuine experience, and it argues — by the end — that it cannot, and that the attempt causes harm. The final episode is uncomfortable because the thesis implicates the audience.",critique,
"The Sopranos is overrated and I'm tired of pretending otherwise. It's a slow, self-indulgent mob drama that film bros treat like scripture. The Wire did everything it was trying to do better.",hot_take,
"Hacks earns its mentor-protégé dynamic because it refuses to sentimentalize generational difference. Deborah and Ava regularly misunderstand each other in ways neither can fully articulate, which is a more honest portrait of how people with 40 years between them actually collaborate.",critique,
Black Mirror peaked with season 3 and has been steadily declining since the Netflix acquisition. The show now mistakes expensive production for ideas.,hot_take,
The Rings of Power is better than its reputation. It's slow and it makes strange choices but it's genuinely trying to do something different from Peter Jackson's aesthetic. The hate is disproportionate.,hot_take,
"The Bear season 2's 'Fishes' episode is the best single episode of television in 2023 not because of its performances (which are extraordinary) but because of its formal discipline: the entire episode is one location, one night, one escalating pressure system. It's a one-act play that earns its chaos.",critique,
"Peaky Blinders is a great costume drama with a middling crime plot. People watch it for the vibes and the suits and Thomas Shelby's face, and that's fine, but we should be honest that the plotting is a vehicle for aesthetic delivery.",hot_take,
"Reservation Dogs is the most emotionally generous show on television. It has no villains, no ironic distance, and it trusts the audience to sit with feeling. It's almost radical in its sincerity.",hot_take,
Finished Mr. Robot series finale at 1am. Sat in the dark for 30 minutes after. That's the only appropriate response to that ending.,reaction,
Reservation Dogs series finale had me fully weeping by the last ten minutes. This show ends perfectly. I don't know how they did it.,reaction,
Euphoria season 1 is formally ambitious in ways season 2 abandons. The one-on-one character specials released between seasons demonstrate what the show is capable of when it slows down — Sam Levinson is a more careful director in 40 minutes than he is in 60.,critique,
House of the Dragon season 2 finale made me physically tense for the last 20 minutes. My jaw hurt after. I had been clenching it without realizing.,reaction,
I May Destroy You episode 11 hit me in a place I didn't know I had and I'm still sitting with it three days later.,reaction,
"Friends has not aged well and the people defending it are defending their own nostalgia, not the show. It is six wealthy white people being mean to each other in a rent-controlled apartment for ten years.",hot_take,
"Somebody Somewhere is the quietest show on HBO and the most consistent. It doesn't have a plot in the traditional sense — it has a sustained emotional register that argues that ordinary kindness is as dramatic as any crisis, if you're willing to watch it at the pace it actually moves.",critique,
The Good Place series finale made me cry in a way I was embarrassed about for a week. It's a network sitcom. I have a philosophy degree. This is fine.,reaction,
"Station Eleven is structured around a single question: what do we carry forward? Every non-linear cut between the pre-pandemic past and post-pandemic present is an argument about memory and art as survival mechanisms, not just a storytelling technique.",critique,
House of the Dragon season 1 earns its time jumps because they're not hiding events — they're making an argument about how power transfers in dynastic systems. What matters isn't the moments of crisis but what calcifies in the decades between them.,critique,
Barry season 3 episode 6 just broke television for me. I don't know how they're allowed to do that. I don't know how that's legal.,reaction,
The Simpsons should have ended at season 10. Every season after is not just worse — it actively makes the earlier seasons feel slightly less special by associating their characters with what those characters later became.,hot_take,
Succession is a show about awful people for people who like to feel superior to awful people. It's prestige TV comfort food with better dialogue. Everyone who watched it would hate these people in real life.,hot_take,
Just finished The Leftovers series finale and I need everyone to know I am fine. I am completely fine. I am lying on the floor but I am fine.,reaction,
"The Crown's problem isn't that it's too sympathetic to the monarchy or too critical — it's that it can't decide which argument it's making from season to season. The formal inconsistency (recast actors, shifting dramatic register) produces a show that feels like four different series stitched together.",critique,
Curb Your Enthusiasm overstayed by about 4 seasons. The later seasons feel like Larry David workshopping material rather than making a show.,hot_take,
"The Idol was critically savaged, but the more precise critique is formal rather than moral: it can't decide whether it's a satire of the music industry or a sincere entry in it. That formal incoherence — not the content — is what makes it fail.",critique,
Episode 3 of Severance season 2 just aired and I have completely lost my mind. What do you mean. WHAT DO YOU MEAN.,reaction,
"The Idol was not as bad as the reviews said. It was bad in a more interesting way than the reviews described. There's a failure of nerve somewhere in the middle, but the failure is interesting.",hot_take,
The Bear season 1 uses the single-take episode as more than a stunt. The sustained real-time pressure of 'Review' makes the audience feel the impossibility of the kitchen environment physically. You can't cut away from a crisis you're inside.,critique,
"Severance's costume design is doing specific narrative work that's easy to miss. The severed employees wear identical clothes in slightly different colors — the individuality is present but flattened. Above ground, the same actors wear clothes that are visually loud. The wardrobes argue about which self is real.",critique,
Rectify series finale. I finally understand what 'quiet devastation' means as a concept. I've been still for 45 minutes.,reaction,
"House of the Dragon is better than Game of Thrones was by season 4. The characters are more consistent, the politics are more coherent, and the show isn't coasting on fan investment in characters it hasn't earned yet.",hot_take,
Arrested Development seasons 1-3 are a perfect television artifact. Season 4 does not exist. I don't know what you're referring to.,hot_take,
"Six Feet Under's flash-forward finale is often called the best finale in TV history, but the case should be more specific: it's the best finale because it's the only one that uses the show's formal conceit (death opens every episode) to close every character arc simultaneously. The structure earns the emotion.",critique,
Mindhunter was cancelled at exactly the right moment. Another season would have had to start answering questions the show was built around not answering.,hot_take,
Beef episode 8 turned the whole show inside out and I had to stop and start three times because I needed to process between scenes.,reaction,
Just finished Patriot season 2. It's cancelled. I'll never know what happens. I'm genuinely grieving a show most people have never heard of.,reaction,
"The Mandalorian seasons 1 and 2 are the best Star Wars content since the original trilogy. The prequels, sequels, and everything except this show and Andor can be safely ignored.",hot_take,
"Twin Peaks season 2 finale (the original, 1991) is still the most genuinely frightening thing I've seen on network television. The last five minutes. Watched it for the first time last night and didn't sleep.",reaction,
What We Do in the Shadows (TV) is at its best when it commits to the doumentary conceit as a source of dramatic irony rather than just jokes. The camera's impassive reaction to supernatural events is funnier and more interesting than the supernatural events themselves.,critique,
Station Eleven finale — the scene at the airport. I've rewatched it six times. I keep crying at the same moment. I know it's coming and I still cry.,reaction,
Ozark is Breaking Bad for people who found Breaking Bad too exciting. It's a very well-made show about very boring people making very stupid decisions for seven seasons.,hot_take,
Barry 'ronny/lily' episode made me feel things about a fight scene that I have only ever felt about fight scenes in Park Chan-wook movies. I'm not sure how that happened.,reaction,
"Reservation Dogs' structural choice to spend individual episodes with supporting characters — the Deer Lady, the spiritual advisor, the elders — turns what could be a coming-of-age show about four kids into an argument about how individual stories are always embedded in community stories.",critique,
Succession's genius is that it never lets you forget the characters are performing. Every tender moment between the Roy siblings has a layer of irony because we've watched them weaponize tenderness against each other for four seasons. The show makes sentimentality feel dangerous.,critique,
The Office (US) is not a good show. It's a mildly charming show that people watched in college and have retrofitted with emotional significance it doesn't have. The Jim and Pam relationship is the most boring 'will they won't they' in television history.,hot_take,
"Station Eleven episode 8 gutted me. Quietly, without warning. I wasn't even aware it was happening until I was already crying.",reaction,
Shogun (2024) is the best network television in 20 years. The fact that it aired on FX rather than HBO is the only reason people are treating it as a surprise rather than an institution.,hot_take,
Beef uses its premise — a road rage incident — as a sustained metaphor for the way resentment works: it tunnels between strangers and makes them more intimate than the people they actually love. The show's most uncomfortable insight is that Amy and Danny understand each other better than their partners do.,critique,
Deadwood is the best-written show in television history on a sentence-by-sentence basis. Nothing else is close. Milch was doing something with language that the medium has not recovered from losing.,hot_take,
Watching The Leftovers for the first time. Midway through season 2. I don't know how to explain what this show is doing to me but I need more people to watch it so I can talk about it.,reaction,
Just finished the Pachinko series finale. I've been crying on and off for two days. A genuinely beautiful piece of work.,reaction,
"Peaky Blinders' final season collapses under its own mythology. The show became so invested in Tommy Shelby as a tragic grandee that it forgot the early seasons' strength: Tommy was interesting because his intelligence operated in a specific historical and geographic context, not in spite of it.",critique,
Andor episode 10 'One Way Out' — I stood up. I actually stood up from my couch and started pacing. That speech. THAT SPEECH.,reaction,
That Severance episode just broke my brain — the way they flipped the innie/outie structure in the last 10 minutes is genuinely the most inventive TV I've seen in years.,reaction,EDGE CASE (reaction vs critique): Emotional tone dominant; structural observation ('flipped the innie/outie structure') is brief and not developed. → reaction
The Haunting of Hill House episode 6 — the long take — I didn't breathe for ten minutes. My roommate walked in and asked if I was having a medical event.,reaction,
The Leftovers season 2 is the best season of television in the 2010s. It is also the most emotionally demanding season of television in the 2010s. These facts are related.,hot_take,
"The Curse (Nathan Fielder/Benny Safdie) is the most formally uncomfortable show in recent memory precisely because it refuses to give the audience a stable ironic distance. You never know if you're meant to laugh, cringe, or feel genuine dread, and the show holds that instability for ten full episodes.",critique,
Only Murders in the Building works because it's actually about something: amateur detection as a substitute for human connection. Each season's mystery is less interesting than the question of why these three people keep choosing to solve mysteries rather than simply talk to each other.,critique,
"The Thick of It's influence on prestige drama is underappreciated. Its documentary aesthetic — handheld, overlapping dialogue, no score — was a deliberate argument that political comedy should feel like leaked footage rather than performance. That argument has since colonized half of television.",critique,
Fleabag's direct-to-camera address isn't just a stylistic flourish — it's a structural argument. Phoebe Waller-Bridge uses the fourth wall as Fleabag's defense mechanism. The moment she stops breaking it in series 2 is the moment she's stopped running from herself. The form IS the character arc.,critique,
"Bojack Horseman's most underrated formal choice is its use of silence and stillness. In a medium that fills every frame with motion and sound, the show regularly holds on static shots after punchlines. It trains the audience to sit with discomfort rather than let comedy release it.",critique,
"Fleabag is a perfect television object. Two seasons, twelve episodes, a complete story. It's the model for what limited television should be and nothing has matched it.",hot_take,
The Last of Us episode 3 is the best hour of television I've watched in the last two years and I need to talk to someone about it right now.,reaction,
"I May Destroy You uses non-linear structure not for mystery but for psychological fidelity. Trauma isn't linear, and the show's chronological jumps replicate the experience of a memory that keeps returning at wrong moments rather than the experience of piecing together a plot.",critique,
The Rehearsal finale just ended and I'm genuinely disturbed in a way I haven't been by a TV show in years. What did I just watch.,reaction,
The Wire season 2 is underrated because it takes the show's institutional critique into an entirely different sector of Baltimore society.,hot_take,"EDGE CASE (hot_take vs critique): Has a reason, but the reason is a restatement of the premise. 'It does X because it does X in a different place' is not an argument. → hot_take"
Just finished Mindhunter season 2 and I'm devastated it was cancelled. I need to know what happens. I will never know what happens.,reaction,
"The Rehearsal aside, Nathan For You's long-form episodes in season 4 mark a genuine evolution: they stop being about the premise (helping businesses) and start being about what happens when a constructed social situation runs longer than anyone expected. 'Finding Frances' is a documentary that ate a comedy.",critique,
The Penguin just had its best episode yet and I'm annoyed at myself for being this invested in a show I was skeptical about three weeks ago.,reaction,
"The Diplomat season 1 has sharp writing but a structural problem: its protagonist is too competent for the show's stakes to feel real. When Keri Russell's character solves every problem faster than it can develop, the political thriller framework collapses into wish fulfillment.",critique,
"The Bear is the most formally anxious show on television, which is appropriate: the anxiety isn't a stylistic choice but a dramatic argument. The handheld camera, the overlapping sound design, the refusal to let scenes breathe — these are the show's thesis, not its aesthetic.",critique,
Shrinking is formally conservative — three-camera rhythms adapted to single-camera shooting — but its performances make the conservatism irrelevant. Harrison Ford in particular uses the show's emotional safety to do something genuinely risky: play a grief that isn't performing grief.,critique,
Prestige TV peaked in 2015 and has been in decline ever since. Everything now is either IP adaptation or trauma porn. We have not had a genuinely original great show in almost a decade.,hot_take,
Severance 'The We We Are' (season 1 finale) — watched it twice back to back. Still didn't fully understand it. Went to bed thinking about it. Woke up still thinking about it.,reaction,
"The Americans is quietly one of the best-edited shows of the 2010s. The intercutting between Philip and Elizabeth's emotional arcs and their cover identities creates a visual argument: the masks have become their real faces. The finale earns its devastation through accumulated editing rhythm, not plot.",critique,
The Expanse is the rare sci-fi show that takes its own physics seriously as a dramatic resource. The travel time between planets isn't background texture — it creates the show's political geography. Factions distrust each other partly because they live months apart. Distance is ideology.,critique,
I May Destroy You episode 12 just completely flattened me. I've been sitting with it for an hour. I don't know how to process that ending.,reaction,
